id,content,start,end
0,0,2016-04-29 15:10:44.773,2016-04-29 15:10:44.797
1,1,2016-04-29 15:10:44.797,2016-04-29 15:10:44.813
2,2,2016-04-29 15:10:44.813,2016-04-29 15:10:44.829
3,3,2016-04-29 15:10:44.829,2016-04-29 15:10:44.800
4,4,2016-04-29 15:10:44.800,2016-04-29 15:10:44.896
5,5,2016-04-29 15:10:44.896,2016-04-29 15:10:44.929
6,6,2016-04-29 15:10:44.929,2016-04-29 15:10:44.963
7,7,2016-04-29 15:10:44.963,2016-04-29 15:10:44.997
8,8,2016-04-29 15:10:44.997,2016-04-29 15:10:45.030
9,9,2016-04-29 15:10:45.030,2016-04-29 15:10:45.064
10,10,2016-04-29 15:10:45.064,2016-04-29 15:10:45.097
11,11,2016-04-29 15:10:45.097,2016-04-29 15:10:45.129
12,12,2016-04-29 15:10:45.129,2016-04-29 15:10:45.164
13,13,2016-04-29 15:10:45.164,2016-04-29 15:10:45.197
14,14,2016-04-29 15:10:45.197,2016-04-29 15:10:45.230
15,15,2016-04-29 15:10:45.230,2016-04-29 15:10:45.000
,,,
,,,
,,,